epoch,silhouette,davies_bouldin
10,0.1584780514240265,2.0088923193923796
20,0.19656901061534882,2.110467710881143
30,0.6002414226531982,0.7364264917096194
40,0.8328419327735901,0.3132632619541106
50,0.9150943756103516,0.15060428081518312
60,0.9323617219924927,0.14880320360922403
70,0.9429805278778076,0.11449785597553053
80,0.9430946111679077,0.10499061234459088
90,0.9313803911209106,0.11440114131379425
100,0.9389293193817139,0.11721936686956219
